{"path":"zon-tiles://pkw-dichte.13b1104da1779c40c75c8f41f39b0753047d4ab9","min":1.7976931348623157e+308,"max":-1.7976931348623157e+308,"colors":[{"minmax":[null,null]}],"bounds":[5.86625,47.270124,15.041814,55.058695],"center":[11.030273,51.590714,12]}